<?xml version="1.0" encoding="UTF-8"?>
<metadata xml:lang="en"><Esri><CreaDate>20131114</CreaDate><CreaTime>12294400</CreaTime><ArcGISFormat>1.0</ArcGISFormat><SyncOnce>TRUE</SyncOnce><DataProperties><itemProps><itemLocation><linkage Sync="TRUE">file://\\CEG-W160\C$\a8243587_DATA\work_package_one\data\rail_networks\metro\metro_geo_rail_w_shortcutsCopy</linkage><protocol Sync="TRUE">Local Area Network</protocol></itemLocation></itemProps><copyHistory><copy source="C:\a8243587_DATA\work_package_one\data\rail_networks\metro\metro_geo_rail_w_shortcuts" dest="\\CEG-W160\C$\a8243587_DATA\work_package_one\data\rail_networks\metro\metro_geo_rail_w_shortcutsCopy" date="20131114" time="12294400"></copy></copyHistory></DataProperties></Esri></metadata>
